"featureNames","featureDescriptions"
"mi1","miRNA: Identity of nuleotide at position 1"
"mi2","miRNA: Identity of nuleotide at position 2"
"mi3","miRNA: Identity of nuleotide at position 3"
"mi4","miRNA: Identity of nuleotide at position 4"
"mi5","miRNA: Identity of nuleotide at position 5"
"mi6","miRNA: Identity of nuleotide at position 6"
"mi7","miRNA: Identity of nuleotide at position 7"
"mi8","miRNA: Identity of nuleotide at position 8"
"mi9","miRNA: Identity of nuleotide at position 9"
"mi10","miRNA: Identity of nuleotide at position 10"
"mi11","miRNA: Identity of nuleotide at position 11"
"mi12","miRNA: Identity of nuleotide at position 12"
"mi13","miRNA: Identity of nuleotide at position 13"
"mi14","miRNA: Identity of nuleotide at position 14"
"mi15","miRNA: Identity of nuleotide at position 15"
"mi16","miRNA: Identity of nuleotide at position 16"
"mi17","miRNA: Identity of nuleotide at position 17"
"mi18","miRNA: Identity of nuleotide at position 18"
"mi19","miRNA: Identity of nuleotide at position 19"
"mi20","miRNA: Identity of nuleotide at position 20"
"N","Total number of sites found"
"nc1","Number of sites belonging to class 1: Perfect wc match to 2-7 plus either: adenine at position 1, match at position 8, match at positions 1 and 8"
"nc2","Number of sites belonging to class 2: Match to 2-7 with GU pairing plus either: adenine at position 1, match at position 8, match at positions 1 and 8"
"nc3","Number of sites belonging to class 3: WC match to 2-7 with one mismatch plus either: adenine at position 1, match at position 8, match at positions 1 and 8"
"nc4","Number of sites belonging to class 4: Match to 2-7 with GU pairing and one mismatch plus either: adenine at position 1, match at position 8, match at positions 1 and 8"
"nc5","Number of sites belonging to class 5: Perfect wc match to 2-7"
"nc6","Number of sites belonging to class 6: Perfect 11nt WC match starting from 3, 4 or 5"
"nc7","Number of sites belonging to class 7: 11nt match including GU pairing starting from 3, 4 or 5"
"nc8","Number of sites belonging to class 8: 11nt match except for one mismatch starting from 3, 4 or 5"
"nc9","Number of sites belonging to class 9: 11nt match including GU pairing except for one mismatch starting from 3, 4 or 5"
"c1_end3'distMean","For sites of class 1: Mean distance from 3' end"
"c1_end3'distMedian","For sites of class 1: Median distance from 3' end"
"c1_end3'distVar","For sites of class 1: Variance of distance from 3' end"
"c1_stopdistMean","For sites of class 1: Mean distance from stop codon"
"c1_stopdistMedian","For sites of class 1: Median distance from stop codon"
"c1_stopdistVar","For sites of class 1: Variance of distance from stop codon"
"c1_bindEnMin","For sites of class 1: Minimum site binding energy value"
"c1_bindEnMean","For sites of class 1: Mean site binding energy"
"c1_bindEnVar","For sites of class 1: Variance of site binding energy"
"c1_bindEnMedian","For sites of class 1: Median site binding energy"
"c1_5'UTRFreq","For sites of class 1: Frequency of sites in 5'UTR"
"c1_CDSFreq","For sites of class 1: Frequency of sites in CDS"
"c1_3'UTRFreq","For sites of class 1: Frequency of sites in 3'UTR"
"c1_RISCAccEngMean","For sites of class 1: Mean energy needed to make sites accessible to RISC"
"c1_RISCAccEngMedian","For sites of class 1: Median energy needed to make sites accessible to RISC"
"c1_RISCAccEngMin","For sites of class 1: Min value of energy needed to make a site accessible to RISC"
"c1_RISCAccEngVar","For sites of class 1: Variance of energy needed to make sites accessible to RISC"
"c1_NearEngDiffMean","For sites of class 1: Mean diffence in binding energy between sites and their nearby regions"
"c1_NearEngDiffMin","For sites of class 1: Median diffence in binding energy between sites and their nearby regions"
"c1_NearEngDiffMedian","For sites of class 1: Min value of diffence in binding energy between a site and its nearby region"
"c1_NearEngDiffVar","For sites of class 1: Variance of diffence in binding energy between sites and their nearby regions"
"c2_end3'distMean","For sites of class 2: Mean distance from 3' end"
"c2_end3'distMedian","For sites of class 2: Median distance from 3' end"
"c2_end3'distVar","For sites of class 2: Variance of distance from 3' end"
"c2_stopdistMean","For sites of class 2: Mean distance from stop codon"
"c2_stopdistMedian","For sites of class 2: Median distance from stop codon"
"c2_stopdistVar","For sites of class 2: Variance of distance from stop codon"
"c2_bindEnMin","For sites of class 2: Minimum site binding energy value"
"c2_bindEnMean","For sites of class 2: Mean site binding energy"
"c2_bindEnVar","For sites of class 2: Variance of site binding energy"
"c2_bindEnMedian","For sites of class 2: Median site binding energy"
"c2_5'UTRFreq","For sites of class 2: Frequency of sites in 5'UTR"
"c2_CDSFreq","For sites of class 2: Frequency of sites in CDS"
"c2_3'UTRFreq","For sites of class 2: Frequency of sites in 3'UTR"
"c2_RISCAccEngMean","For sites of class 2: Mean energy needed to make sites accessible to RISC"
"c2_RISCAccEngMedian","For sites of class 2: Median energy needed to make sites accessible to RISC"
"c2_RISCAccEngMin","For sites of class 2: Min value of energy needed to make a site accessible to RISC"
"c2_RISCAccEngVar","For sites of class 2: Variance of energy needed to make sites accessible to RISC"
"c2_NearEngDiffMean","For sites of class 2: Mean diffence in binding energy between sites and their nearby regions"
"c2_NearEngDiffMin","For sites of class 2: Median diffence in binding energy between sites and their nearby regions"
"c2_NearEngDiffMedian","For sites of class 2: Min value of diffence in binding energy between a site and its nearby region"
"c2_NearEngDiffVar","For sites of class 2: Variance of diffence in binding energy between sites and their nearby regions"
"c3_end3'distMean","For sites of class 3: Mean distance from 3' end"
"c3_end3'distMedian","For sites of class 3: Median distance from 3' end"
"c3_end3'distVar","For sites of class 3: Variance of distance from 3' end"
"c3_stopdistMean","For sites of class 3: Mean distance from stop codon"
"c3_stopdistMedian","For sites of class 3: Median distance from stop codon"
"c3_stopdistVar","For sites of class 3: Variance of distance from stop codon"
"c3_bindEnMin","For sites of class 3: Minimum site binding energy value"
"c3_bindEnMean","For sites of class 3: Mean site binding energy"
"c3_bindEnVar","For sites of class 3: Variance of site binding energy"
"c3_bindEnMedian","For sites of class 3: Median site binding energy"
"c3_5'UTRFreq","For sites of class 3: Frequency of sites in 5'UTR"
"c3_CDSFreq","For sites of class 3: Frequency of sites in CDS"
"c3_3'UTRFreq","For sites of class 3: Frequency of sites in 3'UTR"
"c3_RISCAccEngMean","For sites of class 3: Mean energy needed to make sites accessible to RISC"
"c3_RISCAccEngMedian","For sites of class 3: Median energy needed to make sites accessible to RISC"
"c3_RISCAccEngMin","For sites of class 3: Min value of energy needed to make a site accessible to RISC"
"c3_RISCAccEngVar","For sites of class 3: Variance of energy needed to make sites accessible to RISC"
"c3_NearEngDiffMean","For sites of class 3: Mean diffence in binding energy between sites and their nearby regions"
"c3_NearEngDiffMin","For sites of class 3: Median diffence in binding energy between sites and their nearby regions"
"c3_NearEngDiffMedian","For sites of class 3: Min value of diffence in binding energy between a site and its nearby region"
"c3_NearEngDiffVar","For sites of class 3: Variance of diffence in binding energy between sites and their nearby regions"
"c4_end3'distMean","For sites of class 4: Mean distance from 3' end"
"c4_end3'distMedian","For sites of class 4: Median distance from 3' end"
"c4_end3'distVar","For sites of class 4: Variance of distance from 3' end"
"c4_stopdistMean","For sites of class 4: Mean distance from stop codon"
"c4_stopdistMedian","For sites of class 4: Median distance from stop codon"
"c4_stopdistVar","For sites of class 4: Variance of distance from stop codon"
"c4_bindEnMin","For sites of class 4: Minimum site binding energy value"
"c4_bindEnMean","For sites of class 4: Mean site binding energy"
"c4_bindEnVar","For sites of class 4: Variance of site binding energy"
"c4_bindEnMedian","For sites of class 4: Median site binding energy"
"c4_5'UTRFreq","For sites of class 4: Frequency of sites in 5'UTR"
"c4_CDSFreq","For sites of class 4: Frequency of sites in CDS"
"c4_3'UTRFreq","For sites of class 4: Frequency of sites in 3'UTR"
"c4_RISCAccEngMean","For sites of class 4: Mean energy needed to make sites accessible to RISC"
"c4_RISCAccEngMedian","For sites of class 4: Median energy needed to make sites accessible to RISC"
"c4_RISCAccEngMin","For sites of class 4: Min value of energy needed to make a site accessible to RISC"
"c4_RISCAccEngVar","For sites of class 4: Variance of energy needed to make sites accessible to RISC"
"c4_NearEngDiffMean","For sites of class 4: Mean diffence in binding energy between sites and their nearby regions"
"c4_NearEngDiffMin","For sites of class 4: Median diffence in binding energy between sites and their nearby regions"
"c4_NearEngDiffMedian","For sites of class 4: Min value of diffence in binding energy between a site and its nearby region"
"c4_NearEngDiffVar","For sites of class 4: Variance of diffence in binding energy between sites and their nearby regions"
"c5_end3'distMean","For sites of class 5: Mean distance from 3' end"
"c5_end3'distMedian","For sites of class 5: Median distance from 3' end"
"c5_end3'distVar","For sites of class 5: Variance of distance from 3' end"
"c5_stopdistMean","For sites of class 5: Mean distance from stop codon"
"c5_stopdistMedian","For sites of class 5: Median distance from stop codon"
"c5_stopdistVar","For sites of class 5: Variance of distance from stop codon"
"c5_bindEnMin","For sites of class 5: Minimum site binding energy value"
"c5_bindEnMean","For sites of class 5: Mean site binding energy"
"c5_bindEnVar","For sites of class 5: Variance of site binding energy"
"c5_bindEnMedian","For sites of class 5: Median site binding energy"
"c5_5'UTRFreq","For sites of class 5: Frequency of sites in 5'UTR"
"c5_CDSFreq","For sites of class 5: Frequency of sites in CDS"
"c5_3'UTRFreq","For sites of class 5: Frequency of sites in 3'UTR"
"c5_RISCAccEngMean","For sites of class 5: Mean energy needed to make sites accessible to RISC"
"c5_RISCAccEngMedian","For sites of class 5: Median energy needed to make sites accessible to RISC"
"c5_RISCAccEngMin","For sites of class 5: Min value of energy needed to make a site accessible to RISC"
"c5_RISCAccEngVar","For sites of class 5: Variance of energy needed to make sites accessible to RISC"
"c5_NearEngDiffMean","For sites of class 5: Mean diffence in binding energy between sites and their nearby regions"
"c5_NearEngDiffMin","For sites of class 5: Median diffence in binding energy between sites and their nearby regions"
"c5_NearEngDiffMedian","For sites of class 5: Min value of diffence in binding energy between a site and its nearby region"
"c5_NearEngDiffVar","For sites of class 5: Variance of diffence in binding energy between sites and their nearby regions"
"c6_end3'distMean","For sites of class 6: Mean distance from 3' end"
"c6_end3'distMedian","For sites of class 6: Median distance from 3' end"
"c6_end3'distVar","For sites of class 6: Variance of distance from 3' end"
"c6_stopdistMean","For sites of class 6: Mean distance from stop codon"
"c6_stopdistMedian","For sites of class 6: Median distance from stop codon"
"c6_stopdistVar","For sites of class 6: Variance of distance from stop codon"
"c6_bindEnMin","For sites of class 6: Minimum site binding energy value"
"c6_bindEnMean","For sites of class 6: Mean site binding energy"
"c6_bindEnVar","For sites of class 6: Variance of site binding energy"
"c6_bindEnMedian","For sites of class 6: Median site binding energy"
"c6_5'UTRFreq","For sites of class 6: Frequency of sites in 5'UTR"
"c6_CDSFreq","For sites of class 6: Frequency of sites in CDS"
"c6_3'UTRFreq","For sites of class 6: Frequency of sites in 3'UTR"
"c6_RISCAccEngMean","For sites of class 6: Mean energy needed to make sites accessible to RISC"
"c6_RISCAccEngMedian","For sites of class 6: Median energy needed to make sites accessible to RISC"
"c6_RISCAccEngMin","For sites of class 6: Min value of energy needed to make a site accessible to RISC"
"c6_RISCAccEngVar","For sites of class 6: Variance of energy needed to make sites accessible to RISC"
"c6_NearEngDiffMean","For sites of class 6: Mean diffence in binding energy between sites and their nearby regions"
"c6_NearEngDiffMin","For sites of class 6: Median diffence in binding energy between sites and their nearby regions"
"c6_NearEngDiffMedian","For sites of class 6: Min value of diffence in binding energy between a site and its nearby region"
"c6_NearEngDiffVar","For sites of class 6: Variance of diffence in binding energy between sites and their nearby regions"
"c7_end3'distMean","For sites of class 7: Mean distance from 3' end"
"c7_end3'distMedian","For sites of class 7: Median distance from 3' end"
"c7_end3'distVar","For sites of class 7: Variance of distance from 3' end"
"c7_stopdistMean","For sites of class 7: Mean distance from stop codon"
"c7_stopdistMedian","For sites of class 7: Median distance from stop codon"
"c7_stopdistVar","For sites of class 7: Variance of distance from stop codon"
"c7_bindEnMin","For sites of class 7: Minimum site binding energy value"
"c7_bindEnMean","For sites of class 7: Mean site binding energy"
"c7_bindEnVar","For sites of class 7: Variance of site binding energy"
"c7_bindEnMedian","For sites of class 7: Median site binding energy"
"c7_5'UTRFreq","For sites of class 7: Frequency of sites in 5'UTR"
"c7_CDSFreq","For sites of class 7: Frequency of sites in CDS"
"c7_3'UTRFreq","For sites of class 7: Frequency of sites in 3'UTR"
"c7_RISCAccEngMean","For sites of class 7: Mean energy needed to make sites accessible to RISC"
"c7_RISCAccEngMedian","For sites of class 7: Median energy needed to make sites accessible to RISC"
"c7_RISCAccEngMin","For sites of class 7: Min value of energy needed to make a site accessible to RISC"
"c7_RISCAccEngVar","For sites of class 7: Variance of energy needed to make sites accessible to RISC"
"c7_NearEngDiffMean","For sites of class 7: Mean diffence in binding energy between sites and their nearby regions"
"c7_NearEngDiffMin","For sites of class 7: Median diffence in binding energy between sites and their nearby regions"
"c7_NearEngDiffMedian","For sites of class 7: Min value of diffence in binding energy between a site and its nearby region"
"c7_NearEngDiffVar","For sites of class 7: Variance of diffence in binding energy between sites and their nearby regions"
"c8_end3'distMean","For sites of class 8: Mean distance from 3' end"
"c8_end3'distMedian","For sites of class 8: Median distance from 3' end"
"c8_end3'distVar","For sites of class 8: Variance of distance from 3' end"
"c8_stopdistMean","For sites of class 8: Mean distance from stop codon"
"c8_stopdistMedian","For sites of class 8: Median distance from stop codon"
"c8_stopdistVar","For sites of class 8: Variance of distance from stop codon"
"c8_bindEnMin","For sites of class 8: Minimum site binding energy value"
"c8_bindEnMean","For sites of class 8: Mean site binding energy"
"c8_bindEnVar","For sites of class 8: Variance of site binding energy"
"c8_bindEnMedian","For sites of class 8: Median site binding energy"
"c8_5'UTRFreq","For sites of class 8: Frequency of sites in 5'UTR"
"c8_CDSFreq","For sites of class 8: Frequency of sites in CDS"
"c8_3'UTRFreq","For sites of class 8: Frequency of sites in 3'UTR"
"c8_RISCAccEngMean","For sites of class 8: Mean energy needed to make sites accessible to RISC"
"c8_RISCAccEngMedian","For sites of class 8: Median energy needed to make sites accessible to RISC"
"c8_RISCAccEngMin","For sites of class 8: Min value of energy needed to make a site accessible to RISC"
"c8_RISCAccEngVar","For sites of class 8: Variance of energy needed to make sites accessible to RISC"
"c8_NearEngDiffMean","For sites of class 8: Mean diffence in binding energy between sites and their nearby regions"
"c8_NearEngDiffMin","For sites of class 8: Median diffence in binding energy between sites and their nearby regions"
"c8_NearEngDiffMedian","For sites of class 8: Min value of diffence in binding energy between a site and its nearby region"
"c8_NearEngDiffVar","For sites of class 8: Variance of diffence in binding energy between sites and their nearby regions"
"c9_end3'distMean","For sites of class 9: Mean distance from 3' end"
"c9_end3'distMedian","For sites of class 9: Median distance from 3' end"
"c9_end3'distVar","For sites of class 9: Variance of distance from 3' end"
"c9_stopdistMean","For sites of class 9: Mean distance from stop codon"
"c9_stopdistMedian","For sites of class 9: Median distance from stop codon"
"c9_stopdistVar","For sites of class 9: Variance of distance from stop codon"
"c9_bindEnMin","For sites of class 9: Minimum site binding energy value"
"c9_bindEnMean","For sites of class 9: Mean site binding energy"
"c9_bindEnVar","For sites of class 9: Variance of site binding energy"
"c9_bindEnMedian","For sites of class 9: Median site binding energy"
"c9_5'UTRFreq","For sites of class 9: Frequency of sites in 5'UTR"
"c9_CDSFreq","For sites of class 9: Frequency of sites in CDS"
"c9_3'UTRFreq","For sites of class 9: Frequency of sites in 3'UTR"
"c9_RISCAccEngMean","For sites of class 9: Mean energy needed to make sites accessible to RISC"
"c9_RISCAccEngMedian","For sites of class 9: Median energy needed to make sites accessible to RISC"
"c9_RISCAccEngMin","For sites of class 9: Min value of energy needed to make a site accessible to RISC"
"c9_RISCAccEngVar","For sites of class 9: Variance of energy needed to make sites accessible to RISC"
"c9_NearEngDiffMean","For sites of class 9: Mean diffence in binding energy between sites and their nearby regions"
"c9_NearEngDiffMin","For sites of class 9: Median diffence in binding energy between sites and their nearby regions"
"c9_NearEngDiffMedian","For sites of class 9: Min value of diffence in binding energy between a site and its nearby region"
"c9_NearEngDiffVar","For sites of class 9: Variance of diffence in binding energy between sites and their nearby regions"
"c6_freqStart3","For sites of class 6: Frequency of centered sites where the match starts at position 3"
"c6_freqStart4","For sites of class 6: Frequency of centered sites where the match starts at position 4"
"c6_freqStart5","For sites of class 6: Frequency of centered sites where the match starts at position 5"
"c7_freqStart3","For sites of class 7: Frequency of centered sites where the match starts at position 3"
"c7_freqStart4","For sites of class 7: Frequency of centered sites where the match starts at position 4"
"c7_freqStart5","For sites of class 7: Frequency of centered sites where the match starts at position 5"
"c8_freqStart3","For sites of class 8: Frequency of centered sites where the match starts at position 3"
"c8_freqStart4","For sites of class 8: Frequency of centered sites where the match starts at position 4"
"c8_freqStart5","For sites of class 8: Frequency of centered sites where the match starts at position 5"
"c9_freqStart3","For sites of class 9: Frequency of centered sites where the match starts at position 3"
"c9_freqStart4","For sites of class 9: Frequency of centered sites where the match starts at position 4"
"c9_freqStart5","For sites of class 9: Frequency of centered sites where the match starts at position 5"
"c1_freqA-10","For sites of class 1: Frequency of adenine at position -10"
"c1_freqA-9","For sites of class 1: Frequency of adenine at position -9"
"c1_freqA-8","For sites of class 1: Frequency of adenine at position -8"
"c1_freqA-7","For sites of class 1: Frequency of adenine at position -7"
"c1_freqA-6","For sites of class 1: Frequency of adenine at position -6"
"c1_freqA-5","For sites of class 1: Frequency of adenine at position -5"
"c1_freqA-4","For sites of class 1: Frequency of adenine at position -4"
"c1_freqA-3","For sites of class 1: Frequency of adenine at position -3"
"c1_freqA-2","For sites of class 1: Frequency of adenine at position -2"
"c1_freqA-1","For sites of class 1: Frequency of adenine at position -1"
"c1_freqA1","For sites of class 1: Frequency of adenine at position 1"
"c1_freqA2","For sites of class 1: Frequency of adenine at position 2"
"c1_freqA3","For sites of class 1: Frequency of adenine at position 3"
"c1_freqA4","For sites of class 1: Frequency of adenine at position 4"
"c1_freqA5","For sites of class 1: Frequency of adenine at position 5"
"c1_freqA6","For sites of class 1: Frequency of adenine at position 6"
"c1_freqA7","For sites of class 1: Frequency of adenine at position 7"
"c1_freqA8","For sites of class 1: Frequency of adenine at position 8"
"c1_freqA9","For sites of class 1: Frequency of adenine at position 9"
"c1_freqA10","For sites of class 1: Frequency of adenine at position 10"
"c1_freqA11","For sites of class 1: Frequency of adenine at position 11"
"c1_freqA12","For sites of class 1: Frequency of adenine at position 12"
"c1_freqA13","For sites of class 1: Frequency of adenine at position 13"
"c1_freqA14","For sites of class 1: Frequency of adenine at position 14"
"c1_freqA15","For sites of class 1: Frequency of adenine at position 15"
"c1_freqA16","For sites of class 1: Frequency of adenine at position 16"
"c1_freqA17","For sites of class 1: Frequency of adenine at position 17"
"c1_freqA18","For sites of class 1: Frequency of adenine at position 18"
"c1_freqA19","For sites of class 1: Frequency of adenine at position 19"
"c1_freqA20","For sites of class 1: Frequency of adenine at position 20"
"c1_freqA21","For sites of class 1: Frequency of adenine at position 21"
"c1_freqA22","For sites of class 1: Frequency of adenine at position 22"
"c1_freqA23","For sites of class 1: Frequency of adenine at position 23"
"c1_freqA24","For sites of class 1: Frequency of adenine at position 24"
"c1_freqA25","For sites of class 1: Frequency of adenine at position 25"
"c1_freqA26","For sites of class 1: Frequency of adenine at position 26"
"c1_freqA27","For sites of class 1: Frequency of adenine at position 27"
"c1_freqA28","For sites of class 1: Frequency of adenine at position 28"
"c1_freqA29","For sites of class 1: Frequency of adenine at position 29"
"c1_freqA30","For sites of class 1: Frequency of adenine at position 30"
"c1_freqU-10","For sites of class 1: Frequency of uracil at position -10"
"c1_freqU-9","For sites of class 1: Frequency of uracil at position -9"
"c1_freqU-8","For sites of class 1: Frequency of uracil at position -8"
"c1_freqU-7","For sites of class 1: Frequency of uracil at position -7"
"c1_freqU-6","For sites of class 1: Frequency of uracil at position -6"
"c1_freqU-5","For sites of class 1: Frequency of uracil at position -5"
"c1_freqU-4","For sites of class 1: Frequency of uracil at position -4"
"c1_freqU-3","For sites of class 1: Frequency of uracil at position -3"
"c1_freqU-2","For sites of class 1: Frequency of uracil at position -2"
"c1_freqU-1","For sites of class 1: Frequency of uracil at position -1"
"c1_freqU1","For sites of class 1: Frequency of uracil at position 1"
"c1_freqU2","For sites of class 1: Frequency of uracil at position 2"
"c1_freqU3","For sites of class 1: Frequency of uracil at position 3"
"c1_freqU4","For sites of class 1: Frequency of uracil at position 4"
"c1_freqU5","For sites of class 1: Frequency of uracil at position 5"
"c1_freqU6","For sites of class 1: Frequency of uracil at position 6"
"c1_freqU7","For sites of class 1: Frequency of uracil at position 7"
"c1_freqU8","For sites of class 1: Frequency of uracil at position 8"
"c1_freqU9","For sites of class 1: Frequency of uracil at position 9"
"c1_freqU10","For sites of class 1: Frequency of uracil at position 10"
"c1_freqU11","For sites of class 1: Frequency of uracil at position 11"
"c1_freqU12","For sites of class 1: Frequency of uracil at position 12"
"c1_freqU13","For sites of class 1: Frequency of uracil at position 13"
"c1_freqU14","For sites of class 1: Frequency of uracil at position 14"
"c1_freqU15","For sites of class 1: Frequency of uracil at position 15"
"c1_freqU16","For sites of class 1: Frequency of uracil at position 16"
"c1_freqU17","For sites of class 1: Frequency of uracil at position 17"
"c1_freqU18","For sites of class 1: Frequency of uracil at position 18"
"c1_freqU19","For sites of class 1: Frequency of uracil at position 19"
"c1_freqU20","For sites of class 1: Frequency of uracil at position 20"
"c1_freqU21","For sites of class 1: Frequency of uracil at position 21"
"c1_freqU22","For sites of class 1: Frequency of uracil at position 22"
"c1_freqU23","For sites of class 1: Frequency of uracil at position 23"
"c1_freqU24","For sites of class 1: Frequency of uracil at position 24"
"c1_freqU25","For sites of class 1: Frequency of uracil at position 25"
"c1_freqU26","For sites of class 1: Frequency of uracil at position 26"
"c1_freqU27","For sites of class 1: Frequency of uracil at position 27"
"c1_freqU28","For sites of class 1: Frequency of uracil at position 28"
"c1_freqU29","For sites of class 1: Frequency of uracil at position 29"
"c1_freqU30","For sites of class 1: Frequency of uracil at position 30"
"c1_freqG-10","For sites of class 1: Frequency of guanine at position -10"
"c1_freqG-9","For sites of class 1: Frequency of guanine at position -9"
"c1_freqG-8","For sites of class 1: Frequency of guanine at position -8"
"c1_freqG-7","For sites of class 1: Frequency of guanine at position -7"
"c1_freqG-6","For sites of class 1: Frequency of guanine at position -6"
"c1_freqG-5","For sites of class 1: Frequency of guanine at position -5"
"c1_freqG-4","For sites of class 1: Frequency of guanine at position -4"
"c1_freqG-3","For sites of class 1: Frequency of guanine at position -3"
"c1_freqG-2","For sites of class 1: Frequency of guanine at position -2"
"c1_freqG-1","For sites of class 1: Frequency of guanine at position -1"
"c1_freqG1","For sites of class 1: Frequency of guanine at position 1"
"c1_freqG2","For sites of class 1: Frequency of guanine at position 2"
"c1_freqG3","For sites of class 1: Frequency of guanine at position 3"
"c1_freqG4","For sites of class 1: Frequency of guanine at position 4"
"c1_freqG5","For sites of class 1: Frequency of guanine at position 5"
"c1_freqG6","For sites of class 1: Frequency of guanine at position 6"
"c1_freqG7","For sites of class 1: Frequency of guanine at position 7"
"c1_freqG8","For sites of class 1: Frequency of guanine at position 8"
"c1_freqG9","For sites of class 1: Frequency of guanine at position 9"
"c1_freqG10","For sites of class 1: Frequency of guanine at position 10"
"c1_freqG11","For sites of class 1: Frequency of guanine at position 11"
"c1_freqG12","For sites of class 1: Frequency of guanine at position 12"
"c1_freqG13","For sites of class 1: Frequency of guanine at position 13"
"c1_freqG14","For sites of class 1: Frequency of guanine at position 14"
"c1_freqG15","For sites of class 1: Frequency of guanine at position 15"
"c1_freqG16","For sites of class 1: Frequency of guanine at position 16"
"c1_freqG17","For sites of class 1: Frequency of guanine at position 17"
"c1_freqG18","For sites of class 1: Frequency of guanine at position 18"
"c1_freqG19","For sites of class 1: Frequency of guanine at position 19"
"c1_freqG20","For sites of class 1: Frequency of guanine at position 20"
"c1_freqG21","For sites of class 1: Frequency of guanine at position 21"
"c1_freqG22","For sites of class 1: Frequency of guanine at position 22"
"c1_freqG23","For sites of class 1: Frequency of guanine at position 23"
"c1_freqG24","For sites of class 1: Frequency of guanine at position 24"
"c1_freqG25","For sites of class 1: Frequency of guanine at position 25"
"c1_freqG26","For sites of class 1: Frequency of guanine at position 26"
"c1_freqG27","For sites of class 1: Frequency of guanine at position 27"
"c1_freqG28","For sites of class 1: Frequency of guanine at position 28"
"c1_freqG29","For sites of class 1: Frequency of guanine at position 29"
"c1_freqG30","For sites of class 1: Frequency of guanine at position 30"
"c2_freqA-10","For sites of class 2: Frequency of adenine at position -10"
"c2_freqA-9","For sites of class 2: Frequency of adenine at position -9"
"c2_freqA-8","For sites of class 2: Frequency of adenine at position -8"
"c2_freqA-7","For sites of class 2: Frequency of adenine at position -7"
"c2_freqA-6","For sites of class 2: Frequency of adenine at position -6"
"c2_freqA-5","For sites of class 2: Frequency of adenine at position -5"
"c2_freqA-4","For sites of class 2: Frequency of adenine at position -4"
"c2_freqA-3","For sites of class 2: Frequency of adenine at position -3"
"c2_freqA-2","For sites of class 2: Frequency of adenine at position -2"
"c2_freqA-1","For sites of class 2: Frequency of adenine at position -1"
"c2_freqA1","For sites of class 2: Frequency of adenine at position 1"
"c2_freqA2","For sites of class 2: Frequency of adenine at position 2"
"c2_freqA3","For sites of class 2: Frequency of adenine at position 3"
"c2_freqA4","For sites of class 2: Frequency of adenine at position 4"
"c2_freqA5","For sites of class 2: Frequency of adenine at position 5"
"c2_freqA6","For sites of class 2: Frequency of adenine at position 6"
"c2_freqA7","For sites of class 2: Frequency of adenine at position 7"
"c2_freqA8","For sites of class 2: Frequency of adenine at position 8"
"c2_freqA9","For sites of class 2: Frequency of adenine at position 9"
"c2_freqA10","For sites of class 2: Frequency of adenine at position 10"
"c2_freqA11","For sites of class 2: Frequency of adenine at position 11"
"c2_freqA12","For sites of class 2: Frequency of adenine at position 12"
"c2_freqA13","For sites of class 2: Frequency of adenine at position 13"
"c2_freqA14","For sites of class 2: Frequency of adenine at position 14"
"c2_freqA15","For sites of class 2: Frequency of adenine at position 15"
"c2_freqA16","For sites of class 2: Frequency of adenine at position 16"
"c2_freqA17","For sites of class 2: Frequency of adenine at position 17"
"c2_freqA18","For sites of class 2: Frequency of adenine at position 18"
"c2_freqA19","For sites of class 2: Frequency of adenine at position 19"
"c2_freqA20","For sites of class 2: Frequency of adenine at position 20"
"c2_freqA21","For sites of class 2: Frequency of adenine at position 21"
"c2_freqA22","For sites of class 2: Frequency of adenine at position 22"
"c2_freqA23","For sites of class 2: Frequency of adenine at position 23"
"c2_freqA24","For sites of class 2: Frequency of adenine at position 24"
"c2_freqA25","For sites of class 2: Frequency of adenine at position 25"
"c2_freqA26","For sites of class 2: Frequency of adenine at position 26"
"c2_freqA27","For sites of class 2: Frequency of adenine at position 27"
"c2_freqA28","For sites of class 2: Frequency of adenine at position 28"
"c2_freqA29","For sites of class 2: Frequency of adenine at position 29"
"c2_freqA30","For sites of class 2: Frequency of adenine at position 30"
"c2_freqU-10","For sites of class 2: Frequency of uracil at position -10"
"c2_freqU-9","For sites of class 2: Frequency of uracil at position -9"
"c2_freqU-8","For sites of class 2: Frequency of uracil at position -8"
"c2_freqU-7","For sites of class 2: Frequency of uracil at position -7"
"c2_freqU-6","For sites of class 2: Frequency of uracil at position -6"
"c2_freqU-5","For sites of class 2: Frequency of uracil at position -5"
"c2_freqU-4","For sites of class 2: Frequency of uracil at position -4"
"c2_freqU-3","For sites of class 2: Frequency of uracil at position -3"
"c2_freqU-2","For sites of class 2: Frequency of uracil at position -2"
"c2_freqU-1","For sites of class 2: Frequency of uracil at position -1"
"c2_freqU1","For sites of class 2: Frequency of uracil at position 1"
"c2_freqU2","For sites of class 2: Frequency of uracil at position 2"
"c2_freqU3","For sites of class 2: Frequency of uracil at position 3"
"c2_freqU4","For sites of class 2: Frequency of uracil at position 4"
"c2_freqU5","For sites of class 2: Frequency of uracil at position 5"
"c2_freqU6","For sites of class 2: Frequency of uracil at position 6"
"c2_freqU7","For sites of class 2: Frequency of uracil at position 7"
"c2_freqU8","For sites of class 2: Frequency of uracil at position 8"
"c2_freqU9","For sites of class 2: Frequency of uracil at position 9"
"c2_freqU10","For sites of class 2: Frequency of uracil at position 10"
"c2_freqU11","For sites of class 2: Frequency of uracil at position 11"
"c2_freqU12","For sites of class 2: Frequency of uracil at position 12"
"c2_freqU13","For sites of class 2: Frequency of uracil at position 13"
"c2_freqU14","For sites of class 2: Frequency of uracil at position 14"
"c2_freqU15","For sites of class 2: Frequency of uracil at position 15"
"c2_freqU16","For sites of class 2: Frequency of uracil at position 16"
"c2_freqU17","For sites of class 2: Frequency of uracil at position 17"
"c2_freqU18","For sites of class 2: Frequency of uracil at position 18"
"c2_freqU19","For sites of class 2: Frequency of uracil at position 19"
"c2_freqU20","For sites of class 2: Frequency of uracil at position 20"
"c2_freqU21","For sites of class 2: Frequency of uracil at position 21"
"c2_freqU22","For sites of class 2: Frequency of uracil at position 22"
"c2_freqU23","For sites of class 2: Frequency of uracil at position 23"
"c2_freqU24","For sites of class 2: Frequency of uracil at position 24"
"c2_freqU25","For sites of class 2: Frequency of uracil at position 25"
"c2_freqU26","For sites of class 2: Frequency of uracil at position 26"
"c2_freqU27","For sites of class 2: Frequency of uracil at position 27"
"c2_freqU28","For sites of class 2: Frequency of uracil at position 28"
"c2_freqU29","For sites of class 2: Frequency of uracil at position 29"
"c2_freqU30","For sites of class 2: Frequency of uracil at position 30"
"c2_freqG-10","For sites of class 2: Frequency of guanine at position -10"
"c2_freqG-9","For sites of class 2: Frequency of guanine at position -9"
"c2_freqG-8","For sites of class 2: Frequency of guanine at position -8"
"c2_freqG-7","For sites of class 2: Frequency of guanine at position -7"
"c2_freqG-6","For sites of class 2: Frequency of guanine at position -6"
"c2_freqG-5","For sites of class 2: Frequency of guanine at position -5"
"c2_freqG-4","For sites of class 2: Frequency of guanine at position -4"
"c2_freqG-3","For sites of class 2: Frequency of guanine at position -3"
"c2_freqG-2","For sites of class 2: Frequency of guanine at position -2"
"c2_freqG-1","For sites of class 2: Frequency of guanine at position -1"
"c2_freqG1","For sites of class 2: Frequency of guanine at position 1"
"c2_freqG2","For sites of class 2: Frequency of guanine at position 2"
"c2_freqG3","For sites of class 2: Frequency of guanine at position 3"
"c2_freqG4","For sites of class 2: Frequency of guanine at position 4"
"c2_freqG5","For sites of class 2: Frequency of guanine at position 5"
"c2_freqG6","For sites of class 2: Frequency of guanine at position 6"
"c2_freqG7","For sites of class 2: Frequency of guanine at position 7"
"c2_freqG8","For sites of class 2: Frequency of guanine at position 8"
"c2_freqG9","For sites of class 2: Frequency of guanine at position 9"
"c2_freqG10","For sites of class 2: Frequency of guanine at position 10"
"c2_freqG11","For sites of class 2: Frequency of guanine at position 11"
"c2_freqG12","For sites of class 2: Frequency of guanine at position 12"
"c2_freqG13","For sites of class 2: Frequency of guanine at position 13"
"c2_freqG14","For sites of class 2: Frequency of guanine at position 14"
"c2_freqG15","For sites of class 2: Frequency of guanine at position 15"
"c2_freqG16","For sites of class 2: Frequency of guanine at position 16"
"c2_freqG17","For sites of class 2: Frequency of guanine at position 17"
"c2_freqG18","For sites of class 2: Frequency of guanine at position 18"
"c2_freqG19","For sites of class 2: Frequency of guanine at position 19"
"c2_freqG20","For sites of class 2: Frequency of guanine at position 20"
"c2_freqG21","For sites of class 2: Frequency of guanine at position 21"
"c2_freqG22","For sites of class 2: Frequency of guanine at position 22"
"c2_freqG23","For sites of class 2: Frequency of guanine at position 23"
"c2_freqG24","For sites of class 2: Frequency of guanine at position 24"
"c2_freqG25","For sites of class 2: Frequency of guanine at position 25"
"c2_freqG26","For sites of class 2: Frequency of guanine at position 26"
"c2_freqG27","For sites of class 2: Frequency of guanine at position 27"
"c2_freqG28","For sites of class 2: Frequency of guanine at position 28"
"c2_freqG29","For sites of class 2: Frequency of guanine at position 29"
"c2_freqG30","For sites of class 2: Frequency of guanine at position 30"
"c3_freqA-10","For sites of class 3: Frequency of adenine at position -10"
"c3_freqA-9","For sites of class 3: Frequency of adenine at position -9"
"c3_freqA-8","For sites of class 3: Frequency of adenine at position -8"
"c3_freqA-7","For sites of class 3: Frequency of adenine at position -7"
"c3_freqA-6","For sites of class 3: Frequency of adenine at position -6"
"c3_freqA-5","For sites of class 3: Frequency of adenine at position -5"
"c3_freqA-4","For sites of class 3: Frequency of adenine at position -4"
"c3_freqA-3","For sites of class 3: Frequency of adenine at position -3"
"c3_freqA-2","For sites of class 3: Frequency of adenine at position -2"
"c3_freqA-1","For sites of class 3: Frequency of adenine at position -1"
"c3_freqA1","For sites of class 3: Frequency of adenine at position 1"
"c3_freqA2","For sites of class 3: Frequency of adenine at position 2"
"c3_freqA3","For sites of class 3: Frequency of adenine at position 3"
"c3_freqA4","For sites of class 3: Frequency of adenine at position 4"
"c3_freqA5","For sites of class 3: Frequency of adenine at position 5"
"c3_freqA6","For sites of class 3: Frequency of adenine at position 6"
"c3_freqA7","For sites of class 3: Frequency of adenine at position 7"
"c3_freqA8","For sites of class 3: Frequency of adenine at position 8"
"c3_freqA9","For sites of class 3: Frequency of adenine at position 9"
"c3_freqA10","For sites of class 3: Frequency of adenine at position 10"
"c3_freqA11","For sites of class 3: Frequency of adenine at position 11"
"c3_freqA12","For sites of class 3: Frequency of adenine at position 12"
"c3_freqA13","For sites of class 3: Frequency of adenine at position 13"
"c3_freqA14","For sites of class 3: Frequency of adenine at position 14"
"c3_freqA15","For sites of class 3: Frequency of adenine at position 15"
"c3_freqA16","For sites of class 3: Frequency of adenine at position 16"
"c3_freqA17","For sites of class 3: Frequency of adenine at position 17"
"c3_freqA18","For sites of class 3: Frequency of adenine at position 18"
"c3_freqA19","For sites of class 3: Frequency of adenine at position 19"
"c3_freqA20","For sites of class 3: Frequency of adenine at position 20"
"c3_freqA21","For sites of class 3: Frequency of adenine at position 21"
"c3_freqA22","For sites of class 3: Frequency of adenine at position 22"
"c3_freqA23","For sites of class 3: Frequency of adenine at position 23"
"c3_freqA24","For sites of class 3: Frequency of adenine at position 24"
"c3_freqA25","For sites of class 3: Frequency of adenine at position 25"
"c3_freqA26","For sites of class 3: Frequency of adenine at position 26"
"c3_freqA27","For sites of class 3: Frequency of adenine at position 27"
"c3_freqA28","For sites of class 3: Frequency of adenine at position 28"
"c3_freqA29","For sites of class 3: Frequency of adenine at position 29"
"c3_freqA30","For sites of class 3: Frequency of adenine at position 30"
"c3_freqU-10","For sites of class 3: Frequency of uracil at position -10"
"c3_freqU-9","For sites of class 3: Frequency of uracil at position -9"
"c3_freqU-8","For sites of class 3: Frequency of uracil at position -8"
"c3_freqU-7","For sites of class 3: Frequency of uracil at position -7"
"c3_freqU-6","For sites of class 3: Frequency of uracil at position -6"
"c3_freqU-5","For sites of class 3: Frequency of uracil at position -5"
"c3_freqU-4","For sites of class 3: Frequency of uracil at position -4"
"c3_freqU-3","For sites of class 3: Frequency of uracil at position -3"
"c3_freqU-2","For sites of class 3: Frequency of uracil at position -2"
"c3_freqU-1","For sites of class 3: Frequency of uracil at position -1"
"c3_freqU1","For sites of class 3: Frequency of uracil at position 1"
"c3_freqU2","For sites of class 3: Frequency of uracil at position 2"
"c3_freqU3","For sites of class 3: Frequency of uracil at position 3"
"c3_freqU4","For sites of class 3: Frequency of uracil at position 4"
"c3_freqU5","For sites of class 3: Frequency of uracil at position 5"
"c3_freqU6","For sites of class 3: Frequency of uracil at position 6"
"c3_freqU7","For sites of class 3: Frequency of uracil at position 7"
"c3_freqU8","For sites of class 3: Frequency of uracil at position 8"
"c3_freqU9","For sites of class 3: Frequency of uracil at position 9"
"c3_freqU10","For sites of class 3: Frequency of uracil at position 10"
"c3_freqU11","For sites of class 3: Frequency of uracil at position 11"
"c3_freqU12","For sites of class 3: Frequency of uracil at position 12"
"c3_freqU13","For sites of class 3: Frequency of uracil at position 13"
"c3_freqU14","For sites of class 3: Frequency of uracil at position 14"
"c3_freqU15","For sites of class 3: Frequency of uracil at position 15"
"c3_freqU16","For sites of class 3: Frequency of uracil at position 16"
"c3_freqU17","For sites of class 3: Frequency of uracil at position 17"
"c3_freqU18","For sites of class 3: Frequency of uracil at position 18"
"c3_freqU19","For sites of class 3: Frequency of uracil at position 19"
"c3_freqU20","For sites of class 3: Frequency of uracil at position 20"
"c3_freqU21","For sites of class 3: Frequency of uracil at position 21"
"c3_freqU22","For sites of class 3: Frequency of uracil at position 22"
"c3_freqU23","For sites of class 3: Frequency of uracil at position 23"
"c3_freqU24","For sites of class 3: Frequency of uracil at position 24"
"c3_freqU25","For sites of class 3: Frequency of uracil at position 25"
"c3_freqU26","For sites of class 3: Frequency of uracil at position 26"
"c3_freqU27","For sites of class 3: Frequency of uracil at position 27"
"c3_freqU28","For sites of class 3: Frequency of uracil at position 28"
"c3_freqU29","For sites of class 3: Frequency of uracil at position 29"
"c3_freqU30","For sites of class 3: Frequency of uracil at position 30"
"c3_freqG-10","For sites of class 3: Frequency of guanine at position -10"
"c3_freqG-9","For sites of class 3: Frequency of guanine at position -9"
"c3_freqG-8","For sites of class 3: Frequency of guanine at position -8"
"c3_freqG-7","For sites of class 3: Frequency of guanine at position -7"
"c3_freqG-6","For sites of class 3: Frequency of guanine at position -6"
"c3_freqG-5","For sites of class 3: Frequency of guanine at position -5"
"c3_freqG-4","For sites of class 3: Frequency of guanine at position -4"
"c3_freqG-3","For sites of class 3: Frequency of guanine at position -3"
"c3_freqG-2","For sites of class 3: Frequency of guanine at position -2"
"c3_freqG-1","For sites of class 3: Frequency of guanine at position -1"
"c3_freqG1","For sites of class 3: Frequency of guanine at position 1"
"c3_freqG2","For sites of class 3: Frequency of guanine at position 2"
"c3_freqG3","For sites of class 3: Frequency of guanine at position 3"
"c3_freqG4","For sites of class 3: Frequency of guanine at position 4"
"c3_freqG5","For sites of class 3: Frequency of guanine at position 5"
"c3_freqG6","For sites of class 3: Frequency of guanine at position 6"
"c3_freqG7","For sites of class 3: Frequency of guanine at position 7"
"c3_freqG8","For sites of class 3: Frequency of guanine at position 8"
"c3_freqG9","For sites of class 3: Frequency of guanine at position 9"
"c3_freqG10","For sites of class 3: Frequency of guanine at position 10"
"c3_freqG11","For sites of class 3: Frequency of guanine at position 11"
"c3_freqG12","For sites of class 3: Frequency of guanine at position 12"
"c3_freqG13","For sites of class 3: Frequency of guanine at position 13"
"c3_freqG14","For sites of class 3: Frequency of guanine at position 14"
"c3_freqG15","For sites of class 3: Frequency of guanine at position 15"
"c3_freqG16","For sites of class 3: Frequency of guanine at position 16"
"c3_freqG17","For sites of class 3: Frequency of guanine at position 17"
"c3_freqG18","For sites of class 3: Frequency of guanine at position 18"
"c3_freqG19","For sites of class 3: Frequency of guanine at position 19"
"c3_freqG20","For sites of class 3: Frequency of guanine at position 20"
"c3_freqG21","For sites of class 3: Frequency of guanine at position 21"
"c3_freqG22","For sites of class 3: Frequency of guanine at position 22"
"c3_freqG23","For sites of class 3: Frequency of guanine at position 23"
"c3_freqG24","For sites of class 3: Frequency of guanine at position 24"
"c3_freqG25","For sites of class 3: Frequency of guanine at position 25"
"c3_freqG26","For sites of class 3: Frequency of guanine at position 26"
"c3_freqG27","For sites of class 3: Frequency of guanine at position 27"
"c3_freqG28","For sites of class 3: Frequency of guanine at position 28"
"c3_freqG29","For sites of class 3: Frequency of guanine at position 29"
"c3_freqG30","For sites of class 3: Frequency of guanine at position 30"
"c4_freqA-10","For sites of class 4: Frequency of adenine at position -10"
"c4_freqA-9","For sites of class 4: Frequency of adenine at position -9"
"c4_freqA-8","For sites of class 4: Frequency of adenine at position -8"
"c4_freqA-7","For sites of class 4: Frequency of adenine at position -7"
"c4_freqA-6","For sites of class 4: Frequency of adenine at position -6"
"c4_freqA-5","For sites of class 4: Frequency of adenine at position -5"
"c4_freqA-4","For sites of class 4: Frequency of adenine at position -4"
"c4_freqA-3","For sites of class 4: Frequency of adenine at position -3"
"c4_freqA-2","For sites of class 4: Frequency of adenine at position -2"
"c4_freqA-1","For sites of class 4: Frequency of adenine at position -1"
"c4_freqA1","For sites of class 4: Frequency of adenine at position 1"
"c4_freqA2","For sites of class 4: Frequency of adenine at position 2"
"c4_freqA3","For sites of class 4: Frequency of adenine at position 3"
"c4_freqA4","For sites of class 4: Frequency of adenine at position 4"
"c4_freqA5","For sites of class 4: Frequency of adenine at position 5"
"c4_freqA6","For sites of class 4: Frequency of adenine at position 6"
"c4_freqA7","For sites of class 4: Frequency of adenine at position 7"
"c4_freqA8","For sites of class 4: Frequency of adenine at position 8"
"c4_freqA9","For sites of class 4: Frequency of adenine at position 9"
"c4_freqA10","For sites of class 4: Frequency of adenine at position 10"
"c4_freqA11","For sites of class 4: Frequency of adenine at position 11"
"c4_freqA12","For sites of class 4: Frequency of adenine at position 12"
"c4_freqA13","For sites of class 4: Frequency of adenine at position 13"
"c4_freqA14","For sites of class 4: Frequency of adenine at position 14"
"c4_freqA15","For sites of class 4: Frequency of adenine at position 15"
"c4_freqA16","For sites of class 4: Frequency of adenine at position 16"
"c4_freqA17","For sites of class 4: Frequency of adenine at position 17"
"c4_freqA18","For sites of class 4: Frequency of adenine at position 18"
"c4_freqA19","For sites of class 4: Frequency of adenine at position 19"
"c4_freqA20","For sites of class 4: Frequency of adenine at position 20"
"c4_freqA21","For sites of class 4: Frequency of adenine at position 21"
"c4_freqA22","For sites of class 4: Frequency of adenine at position 22"
"c4_freqA23","For sites of class 4: Frequency of adenine at position 23"
"c4_freqA24","For sites of class 4: Frequency of adenine at position 24"
"c4_freqA25","For sites of class 4: Frequency of adenine at position 25"
"c4_freqA26","For sites of class 4: Frequency of adenine at position 26"
"c4_freqA27","For sites of class 4: Frequency of adenine at position 27"
"c4_freqA28","For sites of class 4: Frequency of adenine at position 28"
"c4_freqA29","For sites of class 4: Frequency of adenine at position 29"
"c4_freqA30","For sites of class 4: Frequency of adenine at position 30"
"c4_freqU-10","For sites of class 4: Frequency of uracil at position -10"
"c4_freqU-9","For sites of class 4: Frequency of uracil at position -9"
"c4_freqU-8","For sites of class 4: Frequency of uracil at position -8"
"c4_freqU-7","For sites of class 4: Frequency of uracil at position -7"
"c4_freqU-6","For sites of class 4: Frequency of uracil at position -6"
"c4_freqU-5","For sites of class 4: Frequency of uracil at position -5"
"c4_freqU-4","For sites of class 4: Frequency of uracil at position -4"
"c4_freqU-3","For sites of class 4: Frequency of uracil at position -3"
"c4_freqU-2","For sites of class 4: Frequency of uracil at position -2"
"c4_freqU-1","For sites of class 4: Frequency of uracil at position -1"
"c4_freqU1","For sites of class 4: Frequency of uracil at position 1"
"c4_freqU2","For sites of class 4: Frequency of uracil at position 2"
"c4_freqU3","For sites of class 4: Frequency of uracil at position 3"
"c4_freqU4","For sites of class 4: Frequency of uracil at position 4"
"c4_freqU5","For sites of class 4: Frequency of uracil at position 5"
"c4_freqU6","For sites of class 4: Frequency of uracil at position 6"
"c4_freqU7","For sites of class 4: Frequency of uracil at position 7"
"c4_freqU8","For sites of class 4: Frequency of uracil at position 8"
"c4_freqU9","For sites of class 4: Frequency of uracil at position 9"
"c4_freqU10","For sites of class 4: Frequency of uracil at position 10"
"c4_freqU11","For sites of class 4: Frequency of uracil at position 11"
"c4_freqU12","For sites of class 4: Frequency of uracil at position 12"
"c4_freqU13","For sites of class 4: Frequency of uracil at position 13"
"c4_freqU14","For sites of class 4: Frequency of uracil at position 14"
"c4_freqU15","For sites of class 4: Frequency of uracil at position 15"
"c4_freqU16","For sites of class 4: Frequency of uracil at position 16"
"c4_freqU17","For sites of class 4: Frequency of uracil at position 17"
"c4_freqU18","For sites of class 4: Frequency of uracil at position 18"
"c4_freqU19","For sites of class 4: Frequency of uracil at position 19"
"c4_freqU20","For sites of class 4: Frequency of uracil at position 20"
"c4_freqU21","For sites of class 4: Frequency of uracil at position 21"
"c4_freqU22","For sites of class 4: Frequency of uracil at position 22"
"c4_freqU23","For sites of class 4: Frequency of uracil at position 23"
"c4_freqU24","For sites of class 4: Frequency of uracil at position 24"
"c4_freqU25","For sites of class 4: Frequency of uracil at position 25"
"c4_freqU26","For sites of class 4: Frequency of uracil at position 26"
"c4_freqU27","For sites of class 4: Frequency of uracil at position 27"
"c4_freqU28","For sites of class 4: Frequency of uracil at position 28"
"c4_freqU29","For sites of class 4: Frequency of uracil at position 29"
"c4_freqU30","For sites of class 4: Frequency of uracil at position 30"
"c4_freqG-10","For sites of class 4: Frequency of guanine at position -10"
"c4_freqG-9","For sites of class 4: Frequency of guanine at position -9"
"c4_freqG-8","For sites of class 4: Frequency of guanine at position -8"
"c4_freqG-7","For sites of class 4: Frequency of guanine at position -7"
"c4_freqG-6","For sites of class 4: Frequency of guanine at position -6"
"c4_freqG-5","For sites of class 4: Frequency of guanine at position -5"
"c4_freqG-4","For sites of class 4: Frequency of guanine at position -4"
"c4_freqG-3","For sites of class 4: Frequency of guanine at position -3"
"c4_freqG-2","For sites of class 4: Frequency of guanine at position -2"
"c4_freqG-1","For sites of class 4: Frequency of guanine at position -1"
"c4_freqG1","For sites of class 4: Frequency of guanine at position 1"
"c4_freqG2","For sites of class 4: Frequency of guanine at position 2"
"c4_freqG3","For sites of class 4: Frequency of guanine at position 3"
"c4_freqG4","For sites of class 4: Frequency of guanine at position 4"
"c4_freqG5","For sites of class 4: Frequency of guanine at position 5"
"c4_freqG6","For sites of class 4: Frequency of guanine at position 6"
"c4_freqG7","For sites of class 4: Frequency of guanine at position 7"
"c4_freqG8","For sites of class 4: Frequency of guanine at position 8"
"c4_freqG9","For sites of class 4: Frequency of guanine at position 9"
"c4_freqG10","For sites of class 4: Frequency of guanine at position 10"
"c4_freqG11","For sites of class 4: Frequency of guanine at position 11"
"c4_freqG12","For sites of class 4: Frequency of guanine at position 12"
"c4_freqG13","For sites of class 4: Frequency of guanine at position 13"
"c4_freqG14","For sites of class 4: Frequency of guanine at position 14"
"c4_freqG15","For sites of class 4: Frequency of guanine at position 15"
"c4_freqG16","For sites of class 4: Frequency of guanine at position 16"
"c4_freqG17","For sites of class 4: Frequency of guanine at position 17"
"c4_freqG18","For sites of class 4: Frequency of guanine at position 18"
"c4_freqG19","For sites of class 4: Frequency of guanine at position 19"
"c4_freqG20","For sites of class 4: Frequency of guanine at position 20"
"c4_freqG21","For sites of class 4: Frequency of guanine at position 21"
"c4_freqG22","For sites of class 4: Frequency of guanine at position 22"
"c4_freqG23","For sites of class 4: Frequency of guanine at position 23"
"c4_freqG24","For sites of class 4: Frequency of guanine at position 24"
"c4_freqG25","For sites of class 4: Frequency of guanine at position 25"
"c4_freqG26","For sites of class 4: Frequency of guanine at position 26"
"c4_freqG27","For sites of class 4: Frequency of guanine at position 27"
"c4_freqG28","For sites of class 4: Frequency of guanine at position 28"
"c4_freqG29","For sites of class 4: Frequency of guanine at position 29"
"c4_freqG30","For sites of class 4: Frequency of guanine at position 30"
"c5_freqA-10","For sites of class 5: Frequency of adenine at position -10"
"c5_freqA-9","For sites of class 5: Frequency of adenine at position -9"
"c5_freqA-8","For sites of class 5: Frequency of adenine at position -8"
"c5_freqA-7","For sites of class 5: Frequency of adenine at position -7"
"c5_freqA-6","For sites of class 5: Frequency of adenine at position -6"
"c5_freqA-5","For sites of class 5: Frequency of adenine at position -5"
"c5_freqA-4","For sites of class 5: Frequency of adenine at position -4"
"c5_freqA-3","For sites of class 5: Frequency of adenine at position -3"
"c5_freqA-2","For sites of class 5: Frequency of adenine at position -2"
"c5_freqA-1","For sites of class 5: Frequency of adenine at position -1"
"c5_freqA1","For sites of class 5: Frequency of adenine at position 1"
"c5_freqA2","For sites of class 5: Frequency of adenine at position 2"
"c5_freqA3","For sites of class 5: Frequency of adenine at position 3"
"c5_freqA4","For sites of class 5: Frequency of adenine at position 4"
"c5_freqA5","For sites of class 5: Frequency of adenine at position 5"
"c5_freqA6","For sites of class 5: Frequency of adenine at position 6"
"c5_freqA7","For sites of class 5: Frequency of adenine at position 7"
"c5_freqA8","For sites of class 5: Frequency of adenine at position 8"
"c5_freqA9","For sites of class 5: Frequency of adenine at position 9"
"c5_freqA10","For sites of class 5: Frequency of adenine at position 10"
"c5_freqA11","For sites of class 5: Frequency of adenine at position 11"
"c5_freqA12","For sites of class 5: Frequency of adenine at position 12"
"c5_freqA13","For sites of class 5: Frequency of adenine at position 13"
"c5_freqA14","For sites of class 5: Frequency of adenine at position 14"
"c5_freqA15","For sites of class 5: Frequency of adenine at position 15"
"c5_freqA16","For sites of class 5: Frequency of adenine at position 16"
"c5_freqA17","For sites of class 5: Frequency of adenine at position 17"
"c5_freqA18","For sites of class 5: Frequency of adenine at position 18"
"c5_freqA19","For sites of class 5: Frequency of adenine at position 19"
"c5_freqA20","For sites of class 5: Frequency of adenine at position 20"
"c5_freqA21","For sites of class 5: Frequency of adenine at position 21"
"c5_freqA22","For sites of class 5: Frequency of adenine at position 22"
"c5_freqA23","For sites of class 5: Frequency of adenine at position 23"
"c5_freqA24","For sites of class 5: Frequency of adenine at position 24"
"c5_freqA25","For sites of class 5: Frequency of adenine at position 25"
"c5_freqA26","For sites of class 5: Frequency of adenine at position 26"
"c5_freqA27","For sites of class 5: Frequency of adenine at position 27"
"c5_freqA28","For sites of class 5: Frequency of adenine at position 28"
"c5_freqA29","For sites of class 5: Frequency of adenine at position 29"
"c5_freqA30","For sites of class 5: Frequency of adenine at position 30"
"c5_freqU-10","For sites of class 5: Frequency of uracil at position -10"
"c5_freqU-9","For sites of class 5: Frequency of uracil at position -9"
"c5_freqU-8","For sites of class 5: Frequency of uracil at position -8"
"c5_freqU-7","For sites of class 5: Frequency of uracil at position -7"
"c5_freqU-6","For sites of class 5: Frequency of uracil at position -6"
"c5_freqU-5","For sites of class 5: Frequency of uracil at position -5"
"c5_freqU-4","For sites of class 5: Frequency of uracil at position -4"
"c5_freqU-3","For sites of class 5: Frequency of uracil at position -3"
"c5_freqU-2","For sites of class 5: Frequency of uracil at position -2"
"c5_freqU-1","For sites of class 5: Frequency of uracil at position -1"
"c5_freqU1","For sites of class 5: Frequency of uracil at position 1"
"c5_freqU2","For sites of class 5: Frequency of uracil at position 2"
"c5_freqU3","For sites of class 5: Frequency of uracil at position 3"
"c5_freqU4","For sites of class 5: Frequency of uracil at position 4"
"c5_freqU5","For sites of class 5: Frequency of uracil at position 5"
"c5_freqU6","For sites of class 5: Frequency of uracil at position 6"
"c5_freqU7","For sites of class 5: Frequency of uracil at position 7"
"c5_freqU8","For sites of class 5: Frequency of uracil at position 8"
"c5_freqU9","For sites of class 5: Frequency of uracil at position 9"
"c5_freqU10","For sites of class 5: Frequency of uracil at position 10"
"c5_freqU11","For sites of class 5: Frequency of uracil at position 11"
"c5_freqU12","For sites of class 5: Frequency of uracil at position 12"
"c5_freqU13","For sites of class 5: Frequency of uracil at position 13"
"c5_freqU14","For sites of class 5: Frequency of uracil at position 14"
"c5_freqU15","For sites of class 5: Frequency of uracil at position 15"
"c5_freqU16","For sites of class 5: Frequency of uracil at position 16"
"c5_freqU17","For sites of class 5: Frequency of uracil at position 17"
"c5_freqU18","For sites of class 5: Frequency of uracil at position 18"
"c5_freqU19","For sites of class 5: Frequency of uracil at position 19"
"c5_freqU20","For sites of class 5: Frequency of uracil at position 20"
"c5_freqU21","For sites of class 5: Frequency of uracil at position 21"
"c5_freqU22","For sites of class 5: Frequency of uracil at position 22"
"c5_freqU23","For sites of class 5: Frequency of uracil at position 23"
"c5_freqU24","For sites of class 5: Frequency of uracil at position 24"
"c5_freqU25","For sites of class 5: Frequency of uracil at position 25"
"c5_freqU26","For sites of class 5: Frequency of uracil at position 26"
"c5_freqU27","For sites of class 5: Frequency of uracil at position 27"
"c5_freqU28","For sites of class 5: Frequency of uracil at position 28"
"c5_freqU29","For sites of class 5: Frequency of uracil at position 29"
"c5_freqU30","For sites of class 5: Frequency of uracil at position 30"
"c5_freqG-10","For sites of class 5: Frequency of guanine at position -10"
"c5_freqG-9","For sites of class 5: Frequency of guanine at position -9"
"c5_freqG-8","For sites of class 5: Frequency of guanine at position -8"
"c5_freqG-7","For sites of class 5: Frequency of guanine at position -7"
"c5_freqG-6","For sites of class 5: Frequency of guanine at position -6"
"c5_freqG-5","For sites of class 5: Frequency of guanine at position -5"
"c5_freqG-4","For sites of class 5: Frequency of guanine at position -4"
"c5_freqG-3","For sites of class 5: Frequency of guanine at position -3"
"c5_freqG-2","For sites of class 5: Frequency of guanine at position -2"
"c5_freqG-1","For sites of class 5: Frequency of guanine at position -1"
"c5_freqG1","For sites of class 5: Frequency of guanine at position 1"
"c5_freqG2","For sites of class 5: Frequency of guanine at position 2"
"c5_freqG3","For sites of class 5: Frequency of guanine at position 3"
"c5_freqG4","For sites of class 5: Frequency of guanine at position 4"
"c5_freqG5","For sites of class 5: Frequency of guanine at position 5"
"c5_freqG6","For sites of class 5: Frequency of guanine at position 6"
"c5_freqG7","For sites of class 5: Frequency of guanine at position 7"
"c5_freqG8","For sites of class 5: Frequency of guanine at position 8"
"c5_freqG9","For sites of class 5: Frequency of guanine at position 9"
"c5_freqG10","For sites of class 5: Frequency of guanine at position 10"
"c5_freqG11","For sites of class 5: Frequency of guanine at position 11"
"c5_freqG12","For sites of class 5: Frequency of guanine at position 12"
"c5_freqG13","For sites of class 5: Frequency of guanine at position 13"
"c5_freqG14","For sites of class 5: Frequency of guanine at position 14"
"c5_freqG15","For sites of class 5: Frequency of guanine at position 15"
"c5_freqG16","For sites of class 5: Frequency of guanine at position 16"
"c5_freqG17","For sites of class 5: Frequency of guanine at position 17"
"c5_freqG18","For sites of class 5: Frequency of guanine at position 18"
"c5_freqG19","For sites of class 5: Frequency of guanine at position 19"
"c5_freqG20","For sites of class 5: Frequency of guanine at position 20"
"c5_freqG21","For sites of class 5: Frequency of guanine at position 21"
"c5_freqG22","For sites of class 5: Frequency of guanine at position 22"
"c5_freqG23","For sites of class 5: Frequency of guanine at position 23"
"c5_freqG24","For sites of class 5: Frequency of guanine at position 24"
"c5_freqG25","For sites of class 5: Frequency of guanine at position 25"
"c5_freqG26","For sites of class 5: Frequency of guanine at position 26"
"c5_freqG27","For sites of class 5: Frequency of guanine at position 27"
"c5_freqG28","For sites of class 5: Frequency of guanine at position 28"
"c5_freqG29","For sites of class 5: Frequency of guanine at position 29"
"c5_freqG30","For sites of class 5: Frequency of guanine at position 30"
"c6_freqA-10","For sites of class 6: Frequency of adenine at position -10"
"c6_freqA-9","For sites of class 6: Frequency of adenine at position -9"
"c6_freqA-8","For sites of class 6: Frequency of adenine at position -8"
"c6_freqA-7","For sites of class 6: Frequency of adenine at position -7"
"c6_freqA-6","For sites of class 6: Frequency of adenine at position -6"
"c6_freqA-5","For sites of class 6: Frequency of adenine at position -5"
"c6_freqA-4","For sites of class 6: Frequency of adenine at position -4"
"c6_freqA-3","For sites of class 6: Frequency of adenine at position -3"
"c6_freqA-2","For sites of class 6: Frequency of adenine at position -2"
"c6_freqA-1","For sites of class 6: Frequency of adenine at position -1"
"c6_freqA1","For sites of class 6: Frequency of adenine at position 1"
"c6_freqA2","For sites of class 6: Frequency of adenine at position 2"
"c6_freqA3","For sites of class 6: Frequency of adenine at position 3"
"c6_freqA4","For sites of class 6: Frequency of adenine at position 4"
"c6_freqA5","For sites of class 6: Frequency of adenine at position 5"
"c6_freqA6","For sites of class 6: Frequency of adenine at position 6"
"c6_freqA7","For sites of class 6: Frequency of adenine at position 7"
"c6_freqA8","For sites of class 6: Frequency of adenine at position 8"
"c6_freqA9","For sites of class 6: Frequency of adenine at position 9"
"c6_freqA10","For sites of class 6: Frequency of adenine at position 10"
"c6_freqA11","For sites of class 6: Frequency of adenine at position 11"
"c6_freqA12","For sites of class 6: Frequency of adenine at position 12"
"c6_freqA13","For sites of class 6: Frequency of adenine at position 13"
"c6_freqA14","For sites of class 6: Frequency of adenine at position 14"
"c6_freqA15","For sites of class 6: Frequency of adenine at position 15"
"c6_freqA16","For sites of class 6: Frequency of adenine at position 16"
"c6_freqA17","For sites of class 6: Frequency of adenine at position 17"
"c6_freqA18","For sites of class 6: Frequency of adenine at position 18"
"c6_freqA19","For sites of class 6: Frequency of adenine at position 19"
"c6_freqA20","For sites of class 6: Frequency of adenine at position 20"
"c6_freqA21","For sites of class 6: Frequency of adenine at position 21"
"c6_freqA22","For sites of class 6: Frequency of adenine at position 22"
"c6_freqA23","For sites of class 6: Frequency of adenine at position 23"
"c6_freqA24","For sites of class 6: Frequency of adenine at position 24"
"c6_freqA25","For sites of class 6: Frequency of adenine at position 25"
"c6_freqA26","For sites of class 6: Frequency of adenine at position 26"
"c6_freqA27","For sites of class 6: Frequency of adenine at position 27"
"c6_freqA28","For sites of class 6: Frequency of adenine at position 28"
"c6_freqA29","For sites of class 6: Frequency of adenine at position 29"
"c6_freqA30","For sites of class 6: Frequency of adenine at position 30"
"c6_freqU-10","For sites of class 6: Frequency of uracil at position -10"
"c6_freqU-9","For sites of class 6: Frequency of uracil at position -9"
"c6_freqU-8","For sites of class 6: Frequency of uracil at position -8"
"c6_freqU-7","For sites of class 6: Frequency of uracil at position -7"
"c6_freqU-6","For sites of class 6: Frequency of uracil at position -6"
"c6_freqU-5","For sites of class 6: Frequency of uracil at position -5"
"c6_freqU-4","For sites of class 6: Frequency of uracil at position -4"
"c6_freqU-3","For sites of class 6: Frequency of uracil at position -3"
"c6_freqU-2","For sites of class 6: Frequency of uracil at position -2"
"c6_freqU-1","For sites of class 6: Frequency of uracil at position -1"
"c6_freqU1","For sites of class 6: Frequency of uracil at position 1"
"c6_freqU2","For sites of class 6: Frequency of uracil at position 2"
"c6_freqU3","For sites of class 6: Frequency of uracil at position 3"
"c6_freqU4","For sites of class 6: Frequency of uracil at position 4"
"c6_freqU5","For sites of class 6: Frequency of uracil at position 5"
"c6_freqU6","For sites of class 6: Frequency of uracil at position 6"
"c6_freqU7","For sites of class 6: Frequency of uracil at position 7"
"c6_freqU8","For sites of class 6: Frequency of uracil at position 8"
"c6_freqU9","For sites of class 6: Frequency of uracil at position 9"
"c6_freqU10","For sites of class 6: Frequency of uracil at position 10"
"c6_freqU11","For sites of class 6: Frequency of uracil at position 11"
"c6_freqU12","For sites of class 6: Frequency of uracil at position 12"
"c6_freqU13","For sites of class 6: Frequency of uracil at position 13"
"c6_freqU14","For sites of class 6: Frequency of uracil at position 14"
"c6_freqU15","For sites of class 6: Frequency of uracil at position 15"
"c6_freqU16","For sites of class 6: Frequency of uracil at position 16"
"c6_freqU17","For sites of class 6: Frequency of uracil at position 17"
"c6_freqU18","For sites of class 6: Frequency of uracil at position 18"
"c6_freqU19","For sites of class 6: Frequency of uracil at position 19"
"c6_freqU20","For sites of class 6: Frequency of uracil at position 20"
"c6_freqU21","For sites of class 6: Frequency of uracil at position 21"
"c6_freqU22","For sites of class 6: Frequency of uracil at position 22"
"c6_freqU23","For sites of class 6: Frequency of uracil at position 23"
"c6_freqU24","For sites of class 6: Frequency of uracil at position 24"
"c6_freqU25","For sites of class 6: Frequency of uracil at position 25"
"c6_freqU26","For sites of class 6: Frequency of uracil at position 26"
"c6_freqU27","For sites of class 6: Frequency of uracil at position 27"
"c6_freqU28","For sites of class 6: Frequency of uracil at position 28"
"c6_freqU29","For sites of class 6: Frequency of uracil at position 29"
"c6_freqU30","For sites of class 6: Frequency of uracil at position 30"
"c6_freqG-10","For sites of class 6: Frequency of guanine at position -10"
"c6_freqG-9","For sites of class 6: Frequency of guanine at position -9"
"c6_freqG-8","For sites of class 6: Frequency of guanine at position -8"
"c6_freqG-7","For sites of class 6: Frequency of guanine at position -7"
"c6_freqG-6","For sites of class 6: Frequency of guanine at position -6"
"c6_freqG-5","For sites of class 6: Frequency of guanine at position -5"
"c6_freqG-4","For sites of class 6: Frequency of guanine at position -4"
"c6_freqG-3","For sites of class 6: Frequency of guanine at position -3"
"c6_freqG-2","For sites of class 6: Frequency of guanine at position -2"
"c6_freqG-1","For sites of class 6: Frequency of guanine at position -1"
"c6_freqG1","For sites of class 6: Frequency of guanine at position 1"
"c6_freqG2","For sites of class 6: Frequency of guanine at position 2"
"c6_freqG3","For sites of class 6: Frequency of guanine at position 3"
"c6_freqG4","For sites of class 6: Frequency of guanine at position 4"
"c6_freqG5","For sites of class 6: Frequency of guanine at position 5"
"c6_freqG6","For sites of class 6: Frequency of guanine at position 6"
"c6_freqG7","For sites of class 6: Frequency of guanine at position 7"
"c6_freqG8","For sites of class 6: Frequency of guanine at position 8"
"c6_freqG9","For sites of class 6: Frequency of guanine at position 9"
"c6_freqG10","For sites of class 6: Frequency of guanine at position 10"
"c6_freqG11","For sites of class 6: Frequency of guanine at position 11"
"c6_freqG12","For sites of class 6: Frequency of guanine at position 12"
"c6_freqG13","For sites of class 6: Frequency of guanine at position 13"
"c6_freqG14","For sites of class 6: Frequency of guanine at position 14"
"c6_freqG15","For sites of class 6: Frequency of guanine at position 15"
"c6_freqG16","For sites of class 6: Frequency of guanine at position 16"
"c6_freqG17","For sites of class 6: Frequency of guanine at position 17"
"c6_freqG18","For sites of class 6: Frequency of guanine at position 18"
"c6_freqG19","For sites of class 6: Frequency of guanine at position 19"
"c6_freqG20","For sites of class 6: Frequency of guanine at position 20"
"c6_freqG21","For sites of class 6: Frequency of guanine at position 21"
"c6_freqG22","For sites of class 6: Frequency of guanine at position 22"
"c6_freqG23","For sites of class 6: Frequency of guanine at position 23"
"c6_freqG24","For sites of class 6: Frequency of guanine at position 24"
"c6_freqG25","For sites of class 6: Frequency of guanine at position 25"
"c6_freqG26","For sites of class 6: Frequency of guanine at position 26"
"c6_freqG27","For sites of class 6: Frequency of guanine at position 27"
"c6_freqG28","For sites of class 6: Frequency of guanine at position 28"
"c6_freqG29","For sites of class 6: Frequency of guanine at position 29"
"c6_freqG30","For sites of class 6: Frequency of guanine at position 30"
"c7_freqA-10","For sites of class 7: Frequency of adenine at position -10"
"c7_freqA-9","For sites of class 7: Frequency of adenine at position -9"
"c7_freqA-8","For sites of class 7: Frequency of adenine at position -8"
"c7_freqA-7","For sites of class 7: Frequency of adenine at position -7"
"c7_freqA-6","For sites of class 7: Frequency of adenine at position -6"
"c7_freqA-5","For sites of class 7: Frequency of adenine at position -5"
"c7_freqA-4","For sites of class 7: Frequency of adenine at position -4"
"c7_freqA-3","For sites of class 7: Frequency of adenine at position -3"
"c7_freqA-2","For sites of class 7: Frequency of adenine at position -2"
"c7_freqA-1","For sites of class 7: Frequency of adenine at position -1"
"c7_freqA1","For sites of class 7: Frequency of adenine at position 1"
"c7_freqA2","For sites of class 7: Frequency of adenine at position 2"
"c7_freqA3","For sites of class 7: Frequency of adenine at position 3"
"c7_freqA4","For sites of class 7: Frequency of adenine at position 4"
"c7_freqA5","For sites of class 7: Frequency of adenine at position 5"
"c7_freqA6","For sites of class 7: Frequency of adenine at position 6"
"c7_freqA7","For sites of class 7: Frequency of adenine at position 7"
"c7_freqA8","For sites of class 7: Frequency of adenine at position 8"
"c7_freqA9","For sites of class 7: Frequency of adenine at position 9"
"c7_freqA10","For sites of class 7: Frequency of adenine at position 10"
"c7_freqA11","For sites of class 7: Frequency of adenine at position 11"
"c7_freqA12","For sites of class 7: Frequency of adenine at position 12"
"c7_freqA13","For sites of class 7: Frequency of adenine at position 13"
"c7_freqA14","For sites of class 7: Frequency of adenine at position 14"
"c7_freqA15","For sites of class 7: Frequency of adenine at position 15"
"c7_freqA16","For sites of class 7: Frequency of adenine at position 16"
"c7_freqA17","For sites of class 7: Frequency of adenine at position 17"
"c7_freqA18","For sites of class 7: Frequency of adenine at position 18"
"c7_freqA19","For sites of class 7: Frequency of adenine at position 19"
"c7_freqA20","For sites of class 7: Frequency of adenine at position 20"
"c7_freqA21","For sites of class 7: Frequency of adenine at position 21"
"c7_freqA22","For sites of class 7: Frequency of adenine at position 22"
"c7_freqA23","For sites of class 7: Frequency of adenine at position 23"
"c7_freqA24","For sites of class 7: Frequency of adenine at position 24"
"c7_freqA25","For sites of class 7: Frequency of adenine at position 25"
"c7_freqA26","For sites of class 7: Frequency of adenine at position 26"
"c7_freqA27","For sites of class 7: Frequency of adenine at position 27"
"c7_freqA28","For sites of class 7: Frequency of adenine at position 28"
"c7_freqA29","For sites of class 7: Frequency of adenine at position 29"
"c7_freqA30","For sites of class 7: Frequency of adenine at position 30"
"c7_freqU-10","For sites of class 7: Frequency of uracil at position -10"
"c7_freqU-9","For sites of class 7: Frequency of uracil at position -9"
"c7_freqU-8","For sites of class 7: Frequency of uracil at position -8"
"c7_freqU-7","For sites of class 7: Frequency of uracil at position -7"
"c7_freqU-6","For sites of class 7: Frequency of uracil at position -6"
"c7_freqU-5","For sites of class 7: Frequency of uracil at position -5"
"c7_freqU-4","For sites of class 7: Frequency of uracil at position -4"
"c7_freqU-3","For sites of class 7: Frequency of uracil at position -3"
"c7_freqU-2","For sites of class 7: Frequency of uracil at position -2"
"c7_freqU-1","For sites of class 7: Frequency of uracil at position -1"
"c7_freqU1","For sites of class 7: Frequency of uracil at position 1"
"c7_freqU2","For sites of class 7: Frequency of uracil at position 2"
"c7_freqU3","For sites of class 7: Frequency of uracil at position 3"
"c7_freqU4","For sites of class 7: Frequency of uracil at position 4"
"c7_freqU5","For sites of class 7: Frequency of uracil at position 5"
"c7_freqU6","For sites of class 7: Frequency of uracil at position 6"
"c7_freqU7","For sites of class 7: Frequency of uracil at position 7"
"c7_freqU8","For sites of class 7: Frequency of uracil at position 8"
"c7_freqU9","For sites of class 7: Frequency of uracil at position 9"
"c7_freqU10","For sites of class 7: Frequency of uracil at position 10"
"c7_freqU11","For sites of class 7: Frequency of uracil at position 11"
"c7_freqU12","For sites of class 7: Frequency of uracil at position 12"
"c7_freqU13","For sites of class 7: Frequency of uracil at position 13"
"c7_freqU14","For sites of class 7: Frequency of uracil at position 14"
"c7_freqU15","For sites of class 7: Frequency of uracil at position 15"
"c7_freqU16","For sites of class 7: Frequency of uracil at position 16"
"c7_freqU17","For sites of class 7: Frequency of uracil at position 17"
"c7_freqU18","For sites of class 7: Frequency of uracil at position 18"
"c7_freqU19","For sites of class 7: Frequency of uracil at position 19"
"c7_freqU20","For sites of class 7: Frequency of uracil at position 20"
"c7_freqU21","For sites of class 7: Frequency of uracil at position 21"
"c7_freqU22","For sites of class 7: Frequency of uracil at position 22"
"c7_freqU23","For sites of class 7: Frequency of uracil at position 23"
"c7_freqU24","For sites of class 7: Frequency of uracil at position 24"
"c7_freqU25","For sites of class 7: Frequency of uracil at position 25"
"c7_freqU26","For sites of class 7: Frequency of uracil at position 26"
"c7_freqU27","For sites of class 7: Frequency of uracil at position 27"
"c7_freqU28","For sites of class 7: Frequency of uracil at position 28"
"c7_freqU29","For sites of class 7: Frequency of uracil at position 29"
"c7_freqU30","For sites of class 7: Frequency of uracil at position 30"
"c7_freqG-10","For sites of class 7: Frequency of guanine at position -10"
"c7_freqG-9","For sites of class 7: Frequency of guanine at position -9"
"c7_freqG-8","For sites of class 7: Frequency of guanine at position -8"
"c7_freqG-7","For sites of class 7: Frequency of guanine at position -7"
"c7_freqG-6","For sites of class 7: Frequency of guanine at position -6"
"c7_freqG-5","For sites of class 7: Frequency of guanine at position -5"
"c7_freqG-4","For sites of class 7: Frequency of guanine at position -4"
"c7_freqG-3","For sites of class 7: Frequency of guanine at position -3"
"c7_freqG-2","For sites of class 7: Frequency of guanine at position -2"
"c7_freqG-1","For sites of class 7: Frequency of guanine at position -1"
"c7_freqG1","For sites of class 7: Frequency of guanine at position 1"
"c7_freqG2","For sites of class 7: Frequency of guanine at position 2"
"c7_freqG3","For sites of class 7: Frequency of guanine at position 3"
"c7_freqG4","For sites of class 7: Frequency of guanine at position 4"
"c7_freqG5","For sites of class 7: Frequency of guanine at position 5"
"c7_freqG6","For sites of class 7: Frequency of guanine at position 6"
"c7_freqG7","For sites of class 7: Frequency of guanine at position 7"
"c7_freqG8","For sites of class 7: Frequency of guanine at position 8"
"c7_freqG9","For sites of class 7: Frequency of guanine at position 9"
"c7_freqG10","For sites of class 7: Frequency of guanine at position 10"
"c7_freqG11","For sites of class 7: Frequency of guanine at position 11"
"c7_freqG12","For sites of class 7: Frequency of guanine at position 12"
"c7_freqG13","For sites of class 7: Frequency of guanine at position 13"
"c7_freqG14","For sites of class 7: Frequency of guanine at position 14"
"c7_freqG15","For sites of class 7: Frequency of guanine at position 15"
"c7_freqG16","For sites of class 7: Frequency of guanine at position 16"
"c7_freqG17","For sites of class 7: Frequency of guanine at position 17"
"c7_freqG18","For sites of class 7: Frequency of guanine at position 18"
"c7_freqG19","For sites of class 7: Frequency of guanine at position 19"
"c7_freqG20","For sites of class 7: Frequency of guanine at position 20"
"c7_freqG21","For sites of class 7: Frequency of guanine at position 21"
"c7_freqG22","For sites of class 7: Frequency of guanine at position 22"
"c7_freqG23","For sites of class 7: Frequency of guanine at position 23"
"c7_freqG24","For sites of class 7: Frequency of guanine at position 24"
"c7_freqG25","For sites of class 7: Frequency of guanine at position 25"
"c7_freqG26","For sites of class 7: Frequency of guanine at position 26"
"c7_freqG27","For sites of class 7: Frequency of guanine at position 27"
"c7_freqG28","For sites of class 7: Frequency of guanine at position 28"
"c7_freqG29","For sites of class 7: Frequency of guanine at position 29"
"c7_freqG30","For sites of class 7: Frequency of guanine at position 30"
"c8_freqA-10","For sites of class 8: Frequency of adenine at position -10"
"c8_freqA-9","For sites of class 8: Frequency of adenine at position -9"
"c8_freqA-8","For sites of class 8: Frequency of adenine at position -8"
"c8_freqA-7","For sites of class 8: Frequency of adenine at position -7"
"c8_freqA-6","For sites of class 8: Frequency of adenine at position -6"
"c8_freqA-5","For sites of class 8: Frequency of adenine at position -5"
"c8_freqA-4","For sites of class 8: Frequency of adenine at position -4"
"c8_freqA-3","For sites of class 8: Frequency of adenine at position -3"
"c8_freqA-2","For sites of class 8: Frequency of adenine at position -2"
"c8_freqA-1","For sites of class 8: Frequency of adenine at position -1"
"c8_freqA1","For sites of class 8: Frequency of adenine at position 1"
"c8_freqA2","For sites of class 8: Frequency of adenine at position 2"
"c8_freqA3","For sites of class 8: Frequency of adenine at position 3"
"c8_freqA4","For sites of class 8: Frequency of adenine at position 4"
"c8_freqA5","For sites of class 8: Frequency of adenine at position 5"
"c8_freqA6","For sites of class 8: Frequency of adenine at position 6"
"c8_freqA7","For sites of class 8: Frequency of adenine at position 7"
"c8_freqA8","For sites of class 8: Frequency of adenine at position 8"
"c8_freqA9","For sites of class 8: Frequency of adenine at position 9"
"c8_freqA10","For sites of class 8: Frequency of adenine at position 10"
"c8_freqA11","For sites of class 8: Frequency of adenine at position 11"
"c8_freqA12","For sites of class 8: Frequency of adenine at position 12"
"c8_freqA13","For sites of class 8: Frequency of adenine at position 13"
"c8_freqA14","For sites of class 8: Frequency of adenine at position 14"
"c8_freqA15","For sites of class 8: Frequency of adenine at position 15"
"c8_freqA16","For sites of class 8: Frequency of adenine at position 16"
"c8_freqA17","For sites of class 8: Frequency of adenine at position 17"
"c8_freqA18","For sites of class 8: Frequency of adenine at position 18"
"c8_freqA19","For sites of class 8: Frequency of adenine at position 19"
"c8_freqA20","For sites of class 8: Frequency of adenine at position 20"
"c8_freqA21","For sites of class 8: Frequency of adenine at position 21"
"c8_freqA22","For sites of class 8: Frequency of adenine at position 22"
"c8_freqA23","For sites of class 8: Frequency of adenine at position 23"
"c8_freqA24","For sites of class 8: Frequency of adenine at position 24"
"c8_freqA25","For sites of class 8: Frequency of adenine at position 25"
"c8_freqA26","For sites of class 8: Frequency of adenine at position 26"
"c8_freqA27","For sites of class 8: Frequency of adenine at position 27"
"c8_freqA28","For sites of class 8: Frequency of adenine at position 28"
"c8_freqA29","For sites of class 8: Frequency of adenine at position 29"
"c8_freqA30","For sites of class 8: Frequency of adenine at position 30"
"c8_freqU-10","For sites of class 8: Frequency of uracil at position -10"
"c8_freqU-9","For sites of class 8: Frequency of uracil at position -9"
"c8_freqU-8","For sites of class 8: Frequency of uracil at position -8"
"c8_freqU-7","For sites of class 8: Frequency of uracil at position -7"
"c8_freqU-6","For sites of class 8: Frequency of uracil at position -6"
"c8_freqU-5","For sites of class 8: Frequency of uracil at position -5"
"c8_freqU-4","For sites of class 8: Frequency of uracil at position -4"
"c8_freqU-3","For sites of class 8: Frequency of uracil at position -3"
"c8_freqU-2","For sites of class 8: Frequency of uracil at position -2"
"c8_freqU-1","For sites of class 8: Frequency of uracil at position -1"
"c8_freqU1","For sites of class 8: Frequency of uracil at position 1"
"c8_freqU2","For sites of class 8: Frequency of uracil at position 2"
"c8_freqU3","For sites of class 8: Frequency of uracil at position 3"
"c8_freqU4","For sites of class 8: Frequency of uracil at position 4"
"c8_freqU5","For sites of class 8: Frequency of uracil at position 5"
"c8_freqU6","For sites of class 8: Frequency of uracil at position 6"
"c8_freqU7","For sites of class 8: Frequency of uracil at position 7"
"c8_freqU8","For sites of class 8: Frequency of uracil at position 8"
"c8_freqU9","For sites of class 8: Frequency of uracil at position 9"
"c8_freqU10","For sites of class 8: Frequency of uracil at position 10"
"c8_freqU11","For sites of class 8: Frequency of uracil at position 11"
"c8_freqU12","For sites of class 8: Frequency of uracil at position 12"
"c8_freqU13","For sites of class 8: Frequency of uracil at position 13"
"c8_freqU14","For sites of class 8: Frequency of uracil at position 14"
"c8_freqU15","For sites of class 8: Frequency of uracil at position 15"
"c8_freqU16","For sites of class 8: Frequency of uracil at position 16"
"c8_freqU17","For sites of class 8: Frequency of uracil at position 17"
"c8_freqU18","For sites of class 8: Frequency of uracil at position 18"
"c8_freqU19","For sites of class 8: Frequency of uracil at position 19"
"c8_freqU20","For sites of class 8: Frequency of uracil at position 20"
"c8_freqU21","For sites of class 8: Frequency of uracil at position 21"
"c8_freqU22","For sites of class 8: Frequency of uracil at position 22"
"c8_freqU23","For sites of class 8: Frequency of uracil at position 23"
"c8_freqU24","For sites of class 8: Frequency of uracil at position 24"
"c8_freqU25","For sites of class 8: Frequency of uracil at position 25"
"c8_freqU26","For sites of class 8: Frequency of uracil at position 26"
"c8_freqU27","For sites of class 8: Frequency of uracil at position 27"
"c8_freqU28","For sites of class 8: Frequency of uracil at position 28"
"c8_freqU29","For sites of class 8: Frequency of uracil at position 29"
"c8_freqU30","For sites of class 8: Frequency of uracil at position 30"
"c8_freqG-10","For sites of class 8: Frequency of guanine at position -10"
"c8_freqG-9","For sites of class 8: Frequency of guanine at position -9"
"c8_freqG-8","For sites of class 8: Frequency of guanine at position -8"
"c8_freqG-7","For sites of class 8: Frequency of guanine at position -7"
"c8_freqG-6","For sites of class 8: Frequency of guanine at position -6"
"c8_freqG-5","For sites of class 8: Frequency of guanine at position -5"
"c8_freqG-4","For sites of class 8: Frequency of guanine at position -4"
"c8_freqG-3","For sites of class 8: Frequency of guanine at position -3"
"c8_freqG-2","For sites of class 8: Frequency of guanine at position -2"
"c8_freqG-1","For sites of class 8: Frequency of guanine at position -1"
"c8_freqG1","For sites of class 8: Frequency of guanine at position 1"
"c8_freqG2","For sites of class 8: Frequency of guanine at position 2"
"c8_freqG3","For sites of class 8: Frequency of guanine at position 3"
"c8_freqG4","For sites of class 8: Frequency of guanine at position 4"
"c8_freqG5","For sites of class 8: Frequency of guanine at position 5"
"c8_freqG6","For sites of class 8: Frequency of guanine at position 6"
"c8_freqG7","For sites of class 8: Frequency of guanine at position 7"
"c8_freqG8","For sites of class 8: Frequency of guanine at position 8"
"c8_freqG9","For sites of class 8: Frequency of guanine at position 9"
"c8_freqG10","For sites of class 8: Frequency of guanine at position 10"
"c8_freqG11","For sites of class 8: Frequency of guanine at position 11"
"c8_freqG12","For sites of class 8: Frequency of guanine at position 12"
"c8_freqG13","For sites of class 8: Frequency of guanine at position 13"
"c8_freqG14","For sites of class 8: Frequency of guanine at position 14"
"c8_freqG15","For sites of class 8: Frequency of guanine at position 15"
"c8_freqG16","For sites of class 8: Frequency of guanine at position 16"
"c8_freqG17","For sites of class 8: Frequency of guanine at position 17"
"c8_freqG18","For sites of class 8: Frequency of guanine at position 18"
"c8_freqG19","For sites of class 8: Frequency of guanine at position 19"
"c8_freqG20","For sites of class 8: Frequency of guanine at position 20"
"c8_freqG21","For sites of class 8: Frequency of guanine at position 21"
"c8_freqG22","For sites of class 8: Frequency of guanine at position 22"
"c8_freqG23","For sites of class 8: Frequency of guanine at position 23"
"c8_freqG24","For sites of class 8: Frequency of guanine at position 24"
"c8_freqG25","For sites of class 8: Frequency of guanine at position 25"
"c8_freqG26","For sites of class 8: Frequency of guanine at position 26"
"c8_freqG27","For sites of class 8: Frequency of guanine at position 27"
"c8_freqG28","For sites of class 8: Frequency of guanine at position 28"
"c8_freqG29","For sites of class 8: Frequency of guanine at position 29"
"c8_freqG30","For sites of class 8: Frequency of guanine at position 30"
"c9_freqA-10","For sites of class 9: Frequency of adenine at position -10"
"c9_freqA-9","For sites of class 9: Frequency of adenine at position -9"
"c9_freqA-8","For sites of class 9: Frequency of adenine at position -8"
"c9_freqA-7","For sites of class 9: Frequency of adenine at position -7"
"c9_freqA-6","For sites of class 9: Frequency of adenine at position -6"
"c9_freqA-5","For sites of class 9: Frequency of adenine at position -5"
"c9_freqA-4","For sites of class 9: Frequency of adenine at position -4"
"c9_freqA-3","For sites of class 9: Frequency of adenine at position -3"
"c9_freqA-2","For sites of class 9: Frequency of adenine at position -2"
"c9_freqA-1","For sites of class 9: Frequency of adenine at position -1"
"c9_freqA1","For sites of class 9: Frequency of adenine at position 1"
"c9_freqA2","For sites of class 9: Frequency of adenine at position 2"
"c9_freqA3","For sites of class 9: Frequency of adenine at position 3"
"c9_freqA4","For sites of class 9: Frequency of adenine at position 4"
"c9_freqA5","For sites of class 9: Frequency of adenine at position 5"
"c9_freqA6","For sites of class 9: Frequency of adenine at position 6"
"c9_freqA7","For sites of class 9: Frequency of adenine at position 7"
"c9_freqA8","For sites of class 9: Frequency of adenine at position 8"
"c9_freqA9","For sites of class 9: Frequency of adenine at position 9"
"c9_freqA10","For sites of class 9: Frequency of adenine at position 10"
"c9_freqA11","For sites of class 9: Frequency of adenine at position 11"
"c9_freqA12","For sites of class 9: Frequency of adenine at position 12"
"c9_freqA13","For sites of class 9: Frequency of adenine at position 13"
"c9_freqA14","For sites of class 9: Frequency of adenine at position 14"
"c9_freqA15","For sites of class 9: Frequency of adenine at position 15"
"c9_freqA16","For sites of class 9: Frequency of adenine at position 16"
"c9_freqA17","For sites of class 9: Frequency of adenine at position 17"
"c9_freqA18","For sites of class 9: Frequency of adenine at position 18"
"c9_freqA19","For sites of class 9: Frequency of adenine at position 19"
"c9_freqA20","For sites of class 9: Frequency of adenine at position 20"
"c9_freqA21","For sites of class 9: Frequency of adenine at position 21"
"c9_freqA22","For sites of class 9: Frequency of adenine at position 22"
"c9_freqA23","For sites of class 9: Frequency of adenine at position 23"
"c9_freqA24","For sites of class 9: Frequency of adenine at position 24"
"c9_freqA25","For sites of class 9: Frequency of adenine at position 25"
"c9_freqA26","For sites of class 9: Frequency of adenine at position 26"
"c9_freqA27","For sites of class 9: Frequency of adenine at position 27"
"c9_freqA28","For sites of class 9: Frequency of adenine at position 28"
"c9_freqA29","For sites of class 9: Frequency of adenine at position 29"
"c9_freqA30","For sites of class 9: Frequency of adenine at position 30"
"c9_freqU-10","For sites of class 9: Frequency of uracil at position -10"
"c9_freqU-9","For sites of class 9: Frequency of uracil at position -9"
"c9_freqU-8","For sites of class 9: Frequency of uracil at position -8"
"c9_freqU-7","For sites of class 9: Frequency of uracil at position -7"
"c9_freqU-6","For sites of class 9: Frequency of uracil at position -6"
"c9_freqU-5","For sites of class 9: Frequency of uracil at position -5"
"c9_freqU-4","For sites of class 9: Frequency of uracil at position -4"
"c9_freqU-3","For sites of class 9: Frequency of uracil at position -3"
"c9_freqU-2","For sites of class 9: Frequency of uracil at position -2"
"c9_freqU-1","For sites of class 9: Frequency of uracil at position -1"
"c9_freqU1","For sites of class 9: Frequency of uracil at position 1"
"c9_freqU2","For sites of class 9: Frequency of uracil at position 2"
"c9_freqU3","For sites of class 9: Frequency of uracil at position 3"
"c9_freqU4","For sites of class 9: Frequency of uracil at position 4"
"c9_freqU5","For sites of class 9: Frequency of uracil at position 5"
"c9_freqU6","For sites of class 9: Frequency of uracil at position 6"
"c9_freqU7","For sites of class 9: Frequency of uracil at position 7"
"c9_freqU8","For sites of class 9: Frequency of uracil at position 8"
"c9_freqU9","For sites of class 9: Frequency of uracil at position 9"
"c9_freqU10","For sites of class 9: Frequency of uracil at position 10"
"c9_freqU11","For sites of class 9: Frequency of uracil at position 11"
"c9_freqU12","For sites of class 9: Frequency of uracil at position 12"
"c9_freqU13","For sites of class 9: Frequency of uracil at position 13"
"c9_freqU14","For sites of class 9: Frequency of uracil at position 14"
"c9_freqU15","For sites of class 9: Frequency of uracil at position 15"
"c9_freqU16","For sites of class 9: Frequency of uracil at position 16"
"c9_freqU17","For sites of class 9: Frequency of uracil at position 17"
"c9_freqU18","For sites of class 9: Frequency of uracil at position 18"
"c9_freqU19","For sites of class 9: Frequency of uracil at position 19"
"c9_freqU20","For sites of class 9: Frequency of uracil at position 20"
"c9_freqU21","For sites of class 9: Frequency of uracil at position 21"
"c9_freqU22","For sites of class 9: Frequency of uracil at position 22"
"c9_freqU23","For sites of class 9: Frequency of uracil at position 23"
"c9_freqU24","For sites of class 9: Frequency of uracil at position 24"
"c9_freqU25","For sites of class 9: Frequency of uracil at position 25"
"c9_freqU26","For sites of class 9: Frequency of uracil at position 26"
"c9_freqU27","For sites of class 9: Frequency of uracil at position 27"
"c9_freqU28","For sites of class 9: Frequency of uracil at position 28"
"c9_freqU29","For sites of class 9: Frequency of uracil at position 29"
"c9_freqU30","For sites of class 9: Frequency of uracil at position 30"
"c9_freqG-10","For sites of class 9: Frequency of guanine at position -10"
"c9_freqG-9","For sites of class 9: Frequency of guanine at position -9"
"c9_freqG-8","For sites of class 9: Frequency of guanine at position -8"
"c9_freqG-7","For sites of class 9: Frequency of guanine at position -7"
"c9_freqG-6","For sites of class 9: Frequency of guanine at position -6"
"c9_freqG-5","For sites of class 9: Frequency of guanine at position -5"
"c9_freqG-4","For sites of class 9: Frequency of guanine at position -4"
"c9_freqG-3","For sites of class 9: Frequency of guanine at position -3"
"c9_freqG-2","For sites of class 9: Frequency of guanine at position -2"
"c9_freqG-1","For sites of class 9: Frequency of guanine at position -1"
"c9_freqG1","For sites of class 9: Frequency of guanine at position 1"
"c9_freqG2","For sites of class 9: Frequency of guanine at position 2"
"c9_freqG3","For sites of class 9: Frequency of guanine at position 3"
"c9_freqG4","For sites of class 9: Frequency of guanine at position 4"
"c9_freqG5","For sites of class 9: Frequency of guanine at position 5"
"c9_freqG6","For sites of class 9: Frequency of guanine at position 6"
"c9_freqG7","For sites of class 9: Frequency of guanine at position 7"
"c9_freqG8","For sites of class 9: Frequency of guanine at position 8"
"c9_freqG9","For sites of class 9: Frequency of guanine at position 9"
"c9_freqG10","For sites of class 9: Frequency of guanine at position 10"
"c9_freqG11","For sites of class 9: Frequency of guanine at position 11"
"c9_freqG12","For sites of class 9: Frequency of guanine at position 12"
"c9_freqG13","For sites of class 9: Frequency of guanine at position 13"
"c9_freqG14","For sites of class 9: Frequency of guanine at position 14"
"c9_freqG15","For sites of class 9: Frequency of guanine at position 15"
"c9_freqG16","For sites of class 9: Frequency of guanine at position 16"
"c9_freqG17","For sites of class 9: Frequency of guanine at position 17"
"c9_freqG18","For sites of class 9: Frequency of guanine at position 18"
"c9_freqG19","For sites of class 9: Frequency of guanine at position 19"
"c9_freqG20","For sites of class 9: Frequency of guanine at position 20"
"c9_freqG21","For sites of class 9: Frequency of guanine at position 21"
"c9_freqG22","For sites of class 9: Frequency of guanine at position 22"
"c9_freqG23","For sites of class 9: Frequency of guanine at position 23"
"c9_freqG24","For sites of class 9: Frequency of guanine at position 24"
"c9_freqG25","For sites of class 9: Frequency of guanine at position 25"
"c9_freqG26","For sites of class 9: Frequency of guanine at position 26"
"c9_freqG27","For sites of class 9: Frequency of guanine at position 27"
"c9_freqG28","For sites of class 9: Frequency of guanine at position 28"
"c9_freqG29","For sites of class 9: Frequency of guanine at position 29"
"c9_freqG30","For sites of class 9: Frequency of guanine at position 30"
